{
  "timestamp": "2026-03-23T07:29:32.337074+00:00",
  "strategy": "EnsembleStopLoss",
  "period": "15 days",
  "timeframe": "1H",
  "features": {
    "ensemble_models": [
      "reg_gb1",
      "cls_gb1",
      "cls_et"
    ],
    "stop_loss_pct": 0.02,
    "take_profit_pct": 0.03,
    "position_sizing": "dynamic",
    "prob_threshold": 0.6
  },
  "results": {
    "total_pnl": -25463.151224576442,
    "trades": 1061,
    "stop_losses": 87,
    "win_rate": 0.4948162111215834,
    "by_ticker": {
      "GAZP": {
        "pnl": -7006.18981940318,
        "trades": 107,
        "wins": 51,
        "losses": 54,
        "stop_losses": 1
      },
      "LKOH": {
        "pnl": -5523.6873938005265,
        "trades": 107,
        "wins": 53,
        "losses": 41,
        "stop_losses": 12
      },
      "MGNT": {
        "pnl": -4896.408152648298,
        "trades": 99,
        "wins": 43,
        "losses": 56,
        "stop_losses": 0
      },
      "NVTK": {
        "pnl": 2436.505082862824,
        "trades": 108,
        "wins": 58,
        "losses": 39,
        "stop_losses": 11
      },
      "POLY": {
        "pnl": -3589.4362411121406,
        "trades": 108,
        "wins": 53,
        "losses": 53,
        "stop_losses": 1
      },
      "SBER": {
        "pnl": 1881.189099633908,
        "trades": 101,
        "wins": 46,
        "losses": 40,
        "stop_losses": 15
      },
      "SNGS": {
        "pnl": -6413.119525731894,
        "trades": 114,
        "wins": 50,
        "losses": 32,
        "stop_losses": 32
      },
      "SNGSP": {
        "pnl": -3601.8042190797923,
        "trades": 109,
        "wins": 57,
        "losses": 47,
        "stop_losses": 4
      },
      "TATN": {
        "pnl": -1186.7051381601623,
        "trades": 100,
        "wins": 56,
        "losses": 44,
        "stop_losses": 0
      },
      "YNDX": {
        "pnl": 2436.505082862824,
        "trades": 108,
        "wins": 58,
        "losses": 39,
        "stop_losses": 11
      }
    }
  },
  "comparison": {
    "minute_pnl": -11262578,
    "hourly_ml_pnl": -997167,
    "ensemble_pnl": -25463.151224576442
  }
}