{
  "stage": "evaluate_models",
  "validation_metrics_by_model": {
    "tabular_regression_baseline": {
      "samples": 78840.0,
      "directional_accuracy": 0.5016615930999493,
      "mae": 0.006617451204364581,
      "avg_confidence": 2.8292594555453586e-05,
      "pnl_proxy": -5.73586504328657
    },
    "gru_regression_skeleton": {
      "samples": 78840.0,
      "directional_accuracy": 0.5016615930999493,
      "mae": 0.006648506538353861,
      "avg_confidence": 0.014450478514012743,
      "pnl_proxy": -5.73586504328657
    },
    "lightgbm_regression": {
      "samples": 78840.0,
      "directional_accuracy": 0.7672374429223744,
      "mae": 0.005819611931645518,
      "avg_confidence": 0.06234134565834567,
      "pnl_proxy": 355.2271339350303
    },
    "multiclass_action_classifier": {
      "samples": 78840.0,
      "directional_accuracy": 0.5016615930999493,
      "mae": 0.006617447430174829,
      "avg_confidence": 0.3658458360514364,
      "pnl_proxy": -5.73586504328657
    },
    "binary_direction_classifier": {
      "samples": 78840.0,
      "directional_accuracy": 0.5016615930999493,
      "mae": 0.006617446288403434,
      "avg_confidence": 0.001051859099803472,
      "pnl_proxy": -5.73586504328657
    },
    "lstm_regression": {
      "samples": 78840.0,
      "directional_accuracy": 0.5016615930999493,
      "mae": 0.006617451204364581,
      "avg_confidence": 2.4517558374433626e-06,
      "pnl_proxy": -5.73586504328657
    },
    "news_feature_model": {
      "samples": 78840.0,
      "directional_accuracy": 0.4983384069000507,
      "mae": 0.006617451367317444,
      "avg_confidence": 0.0,
      "pnl_proxy": 0.0
    },
    "moirai2_wrapper": {
      "samples": 78840.0,
      "directional_accuracy": 0.5016615930999493,
      "mae": 0.0066203365627089394,
      "avg_confidence": 0.0,
      "pnl_proxy": -5.73586504328657
    },
    "tft_wrapper": {
      "samples": 78840.0,
      "directional_accuracy": 0.5016615930999493,
      "mae": 0.006621493437150441,
      "avg_confidence": 0.0,
      "pnl_proxy": -5.73586504328657
    },
    "timesfm2_wrapper": {
      "samples": 78840.0,
      "directional_accuracy": 0.6342846270928463,
      "mae": 0.00625357528033727,
      "avg_confidence": 4.6975678594773774e-05,
      "pnl_proxy": 181.51064883247878
    },
    "patchtst_wrapper": {
      "samples": 78840.0,
      "directional_accuracy": 0.633650431253171,
      "mae": 0.0062496909593904625,
      "avg_confidence": 1.9967754498190715e-05,
      "pnl_proxy": 181.52998661799492
    },
    "timexer_wrapper": {
      "samples": 78840.0,
      "directional_accuracy": 0.5016615930999493,
      "mae": 0.006619637946003495,
      "avg_confidence": 0.0,
      "pnl_proxy": -5.73586504328657
    },
    "weighted_ensemble": {
      "samples": 78840.0,
      "directional_accuracy": 0.7666666666666667,
      "mae": 0.006272492642138281,
      "avg_confidence": 0.025043565505067526,
      "pnl_proxy": 354.1091907775412
    }
  },
  "test_metrics_by_model": {
    "tabular_regression_baseline": {
      "samples": 78841.0,
      "directional_accuracy": 0.49848429116830073,
      "mae": 0.003610533212265404,
      "avg_confidence": 2.8292594555453586e-05,
      "pnl_proxy": -0.9454524322601424
    },
    "gru_regression_skeleton": {
      "samples": 78841.0,
      "directional_accuracy": 0.49848429116830073,
      "mae": 0.0036503459388487953,
      "avg_confidence": 0.014450478514012743,
      "pnl_proxy": -0.9454524322601424
    },
    "lightgbm_regression": {
      "samples": 78841.0,
      "directional_accuracy": 0.7666062074301442,
      "mae": 0.0028312632102532724,
      "avg_confidence": 0.06268326881586626,
      "pnl_proxy": 196.01702934372184
    },
    "multiclass_action_classifier": {
      "samples": 78841.0,
      "directional_accuracy": 0.49848429116830073,
      "mae": 0.003610536655089535,
      "avg_confidence": 0.3658458360514364,
      "pnl_proxy": -0.9454524322601424
    },
    "binary_direction_classifier": {
      "samples": 78841.0,
      "directional_accuracy": 0.49848429116830073,
      "mae": 0.0036105376966158315,
      "avg_confidence": 0.001051859099803472,
      "pnl_proxy": -0.9454524322601424
    },
    "lstm_regression": {
      "samples": 78841.0,
      "directional_accuracy": 0.49848429116830073,
      "mae": 0.003610533212265404,
      "avg_confidence": 2.451755837443362e-06,
      "pnl_proxy": -0.9454524322601424
    },
    "news_feature_model": {
      "samples": 78841.0,
      "directional_accuracy": 0.5015157088316993,
      "mae": 0.003988907882330533,
      "avg_confidence": 0.00038051267741403584,
      "pnl_proxy": 0.021599453357265097
    },
    "moirai2_wrapper": {
      "samples": 78841.0,
      "directional_accuracy": 0.49848429116830073,
      "mae": 0.003615496890838502,
      "avg_confidence": 0.0,
      "pnl_proxy": -0.9454524322601424
    },
    "tft_wrapper": {
      "samples": 78841.0,
      "directional_accuracy": 0.49848429116830073,
      "mae": 0.0036170562703886867,
      "avg_confidence": 0.0,
      "pnl_proxy": -0.9454524322601424
    },
    "timesfm2_wrapper": {
      "samples": 78841.0,
      "directional_accuracy": 0.635062974848112,
      "mae": 0.003258550295052958,
      "avg_confidence": 2.892071331326772e-05,
      "pnl_proxy": 101.65779323531983
    },
    "patchtst_wrapper": {
      "samples": 78841.0,
      "directional_accuracy": 0.6346951459266118,
      "mae": 0.0032539873549136226,
      "avg_confidence": 8.288893236889595e-06,
      "pnl_proxy": 101.39845569889117
    },
    "timexer_wrapper": {
      "samples": 78841.0,
      "directional_accuracy": 0.49848429116830073,
      "mae": 0.00361871511478382,
      "avg_confidence": 0.0,
      "pnl_proxy": -0.9454524322601424
    },
    "weighted_ensemble": {
      "samples": 78841.0,
      "directional_accuracy": 0.7667964637688512,
      "mae": 0.0033247678239131514,
      "avg_confidence": 0.025237353525285326,
      "pnl_proxy": 196.04273431487917
    }
  },
  "ensemble_validation": {
    "samples": 78840.0,
    "directional_accuracy": 0.7666666666666667,
    "mae": 0.006272492642138281,
    "avg_confidence": 0.025043565505067526,
    "pnl_proxy": 354.1091907775412
  },
  "ensemble_test": {
    "samples": 78841.0,
    "directional_accuracy": 0.7667964637688512,
    "mae": 0.0033247678239131514,
    "avg_confidence": 0.025237353525285326,
    "pnl_proxy": 196.04273431487917
  }
}