{
  "timestamp": "2026-03-18T10:19:15.552433+00:00",
  "strategy": "MeanReversionMarketTiming",
  "config": {
    "position_size_pct": 0.3,
    "market_threshold": -0.03,
    "rsi_oversold": 35,
    "rsi_overbought": 65,
    "zscore_oversold": -1.5,
    "zscore_overbought": 1.5
  },
  "results": {
    "total_pnl": 121248.18944180338,
    "trades": 103,
    "by_ticker": {
      "GAZP": {
        "pnl": 41374.296316981316,
        "trades": 10
      },
      "LKOH": {
        "pnl": -80125.17841923016,
        "trades": 13
      },
      "MGNT": {
        "pnl": 31074.31305189221,
        "trades": 11
      },
      "NVTK": {
        "pnl": 59528.942368353484,
        "trades": 8
      },
      "POLY": {
        "pnl": -92086.04832107236,
        "trades": 11
      },
      "SBER": {
        "pnl": 68365.61559763807,
        "trades": 9
      },
      "SNGS": {
        "pnl": 6244.011777153704,
        "trades": 11
      },
      "SNGSP": {
        "pnl": 42091.117144714575,
        "trades": 10
      },
      "TATN": {
        "pnl": -14747.822442980949,
        "trades": 12
      },
      "YNDX": {
        "pnl": 59528.942368353484,
        "trades": 8
      }
    }
  }
}