{
  "pnl": -16138.848733495455,
  "drawdown": 0.016147226595697617,
  "sharpe": -0.6523628089619437,
  "sortino": -0.6526307937405699,
  "calmar": -0.9994811578228314,
  "hit_ratio": 0.502713384986982,
  "turnover": 16872102.526993282,
  "exposure": 0.0009102612185231704,
  "ablation_pnl_delta_with_minus_without_news": 0.0,
  "policy_backtest_enabled": 1.0,
  "policy_avg_abs_target_position": 0.09432300202380563,
  "policy_avg_expected_utility": -0.40679158847766317,
  "walk_forward_sharpe_mean": -0.6769285845651106,
  "walk_forward_fold_count": 3.0
}